categoria,nombre,ruta,fecha_exif
artefactos,DSC_0076.JPG,../imagenes/artefactos/DSC_0076.JPG,2024:08:31 12:11:42
artefactos,DSC_0077.JPG,../imagenes/artefactos/DSC_0077.JPG,2024:08:31 12:12:15
artefactos,DSC_0151.JPG,../imagenes/artefactos/DSC_0151.JPG,2024:09:14 15:11:07
artefactos,DSC_0152.JPG,../imagenes/artefactos/DSC_0152.JPG,2024:09:14 15:11:31
artefactos,DSC_0149.JPG,../imagenes/artefactos/DSC_0149.JPG,2024:09:14 15:09:45
artefactos,DSC_0150.JPG,../imagenes/artefactos/DSC_0150.JPG,2024:09:14 15:09:56
artefactos,DSC_0157.JPG,../imagenes/artefactos/DSC_0157.JPG,2024:09:14 15:24:33
artefactos,DSC_0158.JPG,../imagenes/artefactos/DSC_0158.JPG,2024:09:14 15:24:53
artefactos,DSC_0159.JPG,../imagenes/artefactos/DSC_0159.JPG,2024:09:14 15:25:12
artefactos,DSC_0001.JPG,../imagenes/artefactos/DSC_0001.JPG,2024:04:27 15:33:46
artefactos,DSC_0080.JPG,../imagenes/artefactos/DSC_0080.JPG,2024:08:10 18:48:22
artefactos,DSC_0081.JPG,../imagenes/artefactos/DSC_0081.JPG,2024:08:10 18:48:32
artefactos,DSC_0082.JPG,../imagenes/artefactos/DSC_0082.JPG,2024:08:10 18:48:49
artefactos,DSC_0093.JPG,../imagenes/artefactos/DSC_0093.JPG,2024:08:10 19:35:08
artefactos,DSC_0094.JPG,../imagenes/artefactos/DSC_0094.JPG,2024:08:10 19:35:25
artefactos,DSC_0095.JPG,../imagenes/artefactos/DSC_0095.JPG,2024:08:10 19:35:30
artefactos,DSC_0096.JPG,../imagenes/artefactos/DSC_0096.JPG,2024:08:10 19:35:36
artefactos,DSC_0010.JPG,../imagenes/artefactos/DSC_0010.JPG,2024:04:27 15:53:27
artefactos,DSC_0011.JPG,../imagenes/artefactos/DSC_0011.JPG,2024:04:27 15:53:55
artefactos,DSC_0090.JPG,../imagenes/artefactos/DSC_0090.JPG,2024:08:10 19:33:19
artefactos,DSC_0091.JPG,../imagenes/artefactos/DSC_0091.JPG,2024:08:10 19:33:28
artefactos,DSC_0214.JPG,../imagenes/artefactos/DSC_0214.JPG,2024:03:15 11:58:33
artefactos,DSC_0049.JPG,../imagenes/artefactos/DSC_0049.JPG,2025:08:14 14:32:21
huellas,DSC01481.JPG,../imagenes/huellas/DSC01481.JPG,2024:03:15 11:30:29
huellas,DSC01482.JPG,../imagenes/huellas/DSC01482.JPG,2024:03:15 11:30:35
huellas,DSC01483.JPG,../imagenes/huellas/DSC01483.JPG,2024:03:15 11:30:37
huellas,DSC01484.JPG,../imagenes/huellas/DSC01484.JPG,2024:03:15 11:30:44
huellas,DSC01485.JPG,../imagenes/huellas/DSC01485.JPG,2024:03:15 11:30:53
huellas,DSC01495.JPG,../imagenes/huellas/DSC01495.JPG,2024:03:15 14:06:09
huellas,DSC01496.JPG,../imagenes/huellas/DSC01496.JPG,2024:03:15 14:06:13
huellas,DSC01497.JPG,../imagenes/huellas/DSC01497.JPG,2024:03:15 14:06:35
huellas,DSC01498.JPG,../imagenes/huellas/DSC01498.JPG,2024:03:15 14:06:44
huellas,DSC01499.JPG,../imagenes/huellas/DSC01499.JPG,2024:03:15 14:06:47
huellas,DSC01501.JPG,../imagenes/huellas/DSC01501.JPG,2024:03:15 14:38:40
huellas,DSC01503.JPG,../imagenes/huellas/DSC01503.JPG,2024:03:15 14:39:04
huellas,DSC01504.JPG,../imagenes/huellas/DSC01504.JPG,2024:03:15 14:39:24
huellas,DSC01505.JPG,../imagenes/huellas/DSC01505.JPG,2024:03:15 14:39:39
huellas,DSC01506.JPG,../imagenes/huellas/DSC01506.JPG,2024:03:15 14:39:44
huellas,DSC01507.JPG,../imagenes/huellas/DSC01507.JPG,2024:03:15 14:39:58
huellas,DSC01508.JPG,../imagenes/huellas/DSC01508.JPG,2024:03:15 14:40:02
huellas,DSC01509.JPG,../imagenes/huellas/DSC01509.JPG,2024:03:15 14:40:09
huellas,DSC01510.JPG,../imagenes/huellas/DSC01510.JPG,2024:03:15 14:40:14
huellas,DSC01511.JPG,../imagenes/huellas/DSC01511.JPG,2024:03:15 14:40:22
huellas,DSC01512.JPG,../imagenes/huellas/DSC01512.JPG,2024:03:15 14:40:27
huellas,DSC01513.JPG,../imagenes/huellas/DSC01513.JPG,2024:03:15 14:40:32
huellas,DSC01516.JPG,../imagenes/huellas/DSC01516.JPG,2024:03:15 14:48:15
huellas,DSC01517.JPG,../imagenes/huellas/DSC01517.JPG,2024:03:15 14:59:02
huellas,DSC01518.JPG,../imagenes/huellas/DSC01518.JPG,2024:03:15 14:59:06
huellas,DSC01519.JPG,../imagenes/huellas/DSC01519.JPG,2024:03:15 14:59:27
huellas,DSC01520.JPG,../imagenes/huellas/DSC01520.JPG,2024:03:15 14:59:30
huellas,DSC01521.JPG,../imagenes/huellas/DSC01521.JPG,2024:03:15 14:59:35
huellas,DSC01522.JPG,../imagenes/huellas/DSC01522.JPG,2024:03:15 15:02:19
huellas,DSC01525.JPG,../imagenes/huellas/DSC01525.JPG,2024:03:15 15:06:28
huellas,DSC01526.JPG,../imagenes/huellas/DSC01526.JPG,2024:03:15 15:06:30
huellas,DSC01527.JPG,../imagenes/huellas/DSC01527.JPG,2024:03:15 15:06:57
huellas,DSC01528.JPG,../imagenes/huellas/DSC01528.JPG,2024:03:15 15:07:00
huellas,DSC01529.JPG,../imagenes/huellas/DSC01529.JPG,2024:03:15 15:12:30
huellas,DSC01530.JPG,../imagenes/huellas/DSC01530.JPG,2024:03:15 15:12:34
huellas,DSC01531.JPG,../imagenes/huellas/DSC01531.JPG,2024:03:15 15:12:37
huellas,DSC01532.JPG,../imagenes/huellas/DSC01532.JPG,2024:03:15 15:12:44
huellas,DSC01533.JPG,../imagenes/huellas/DSC01533.JPG,2024:03:15 15:12:45
huellas,DSC01534.JPG,../imagenes/huellas/DSC01534.JPG,2024:03:15 17:05:28
huellas,DSC01535.JPG,../imagenes/huellas/DSC01535.JPG,2024:03:15 17:05:37
huellas,DSC01536.JPG,../imagenes/huellas/DSC01536.JPG,2024:03:15 17:05:40
huellas,DSC01537.JPG,../imagenes/huellas/DSC01537.JPG,2024:03:15 17:05:52
huellas,DSC01540.JPG,../imagenes/huellas/DSC01540.JPG,2024:03:15 17:06:53
huellas,DSC01541.JPG,../imagenes/huellas/DSC01541.JPG,2024:03:15 17:06:59
huellas,DSC01542.JPG,../imagenes/huellas/DSC01542.JPG,2024:03:15 17:07:14
huellas,DSC01543.JPG,../imagenes/huellas/DSC01543.JPG,2024:03:15 17:07:18
huellas,DSC01544.JPG,../imagenes/huellas/DSC01544.JPG,2024:03:15 17:09:19
huellas,DSC01545.JPG,../imagenes/huellas/DSC01545.JPG,2024:03:15 17:09:25
huellas,DSC01546.JPG,../imagenes/huellas/DSC01546.JPG,2024:03:15 17:09:31
huellas,DSC01589.JPG,../imagenes/huellas/DSC01589.JPG,2024:03:15 17:53:23
huellas,DSC01590.JPG,../imagenes/huellas/DSC01590.JPG,2024:03:15 17:53:30
huellas,DSC01591.JPG,../imagenes/huellas/DSC01591.JPG,2024:03:15 17:53:32
huellas,DSC01592.JPG,../imagenes/huellas/DSC01592.JPG,2024:03:15 17:54:45
huellas,DSC01593.JPG,../imagenes/huellas/DSC01593.JPG,2024:03:15 17:54:46
huellas,DSC01594.JPG,../imagenes/huellas/DSC01594.JPG,2024:03:15 17:54:53
huellas,DSC01595.JPG,../imagenes/huellas/DSC01595.JPG,2024:03:15 17:54:57
huellas,DSC01596.JPG,../imagenes/huellas/DSC01596.JPG,2024:03:15 17:57:36
huellas,DSC01597.JPG,../imagenes/huellas/DSC01597.JPG,2024:03:15 17:57:38
huellas,DSC01598.JPG,../imagenes/huellas/DSC01598.JPG,2024:03:15 17:58:31
huellas,DSC01599.JPG,../imagenes/huellas/DSC01599.JPG,2024:03:15 17:58:34
huellas,DSC01600.JPG,../imagenes/huellas/DSC01600.JPG,2024:03:15 17:58:35
huellas,DSC01601.JPG,../imagenes/huellas/DSC01601.JPG,2024:03:15 17:59:11
huellas,DSC01602.JPG,../imagenes/huellas/DSC01602.JPG,2024:03:15 17:59:44
huellas,DSC01603.JPG,../imagenes/huellas/DSC01603.JPG,2024:03:15 17:59:45
huellas,DSC01604.JPG,../imagenes/huellas/DSC01604.JPG,2024:03:15 17:59:51
huellas,DSC01605.JPG,../imagenes/huellas/DSC01605.JPG,2024:03:15 17:59:54
huellas,DSC01606.JPG,../imagenes/huellas/DSC01606.JPG,2024:03:15 18:00:01
huellas,DSC01607.JPG,../imagenes/huellas/DSC01607.JPG,2024:03:15 18:00:03
huellas,DSC01608.JPG,../imagenes/huellas/DSC01608.JPG,2024:03:15 18:00:37
huellas,DSC01609.JPG,../imagenes/huellas/DSC01609.JPG,2024:03:15 18:00:57
huellas,DSC01610.JPG,../imagenes/huellas/DSC01610.JPG,2024:03:15 18:00:59
huellas,DSC01611.JPG,../imagenes/huellas/DSC01611.JPG,2024:03:15 18:01:17
huellas,DSC01612.JPG,../imagenes/huellas/DSC01612.JPG,2024:03:15 18:01:29
huellas,DSC01613.JPG,../imagenes/huellas/DSC01613.JPG,2024:03:15 18:01:31
huellas,DSC01614.JPG,../imagenes/huellas/DSC01614.JPG,2024:03:15 18:01:33
huellas,DSC01615.JPG,../imagenes/huellas/DSC01615.JPG,2024:03:15 18:07:34
huellas,DSC01616.JPG,../imagenes/huellas/DSC01616.JPG,2024:03:15 18:07:37
huellas,DSC01617.JPG,../imagenes/huellas/DSC01617.JPG,2024:03:15 18:07:39
huellas,DSC01618.JPG,../imagenes/huellas/DSC01618.JPG,2024:03:15 18:07:41
huellas,DSC01619.JPG,../imagenes/huellas/DSC01619.JPG,2024:03:15 18:09:20
huellas,DSC01620.JPG,../imagenes/huellas/DSC01620.JPG,2024:03:15 18:09:22
huellas,DSC01538.JPG,../imagenes/huellas/DSC01538.JPG,2024:03:15 17:06:20
huellas,DSC01539.JPG,../imagenes/huellas/DSC01539.JPG,2024:03:15 17:06:37
huellas,DSC01547.JPG,../imagenes/huellas/DSC01547.JPG,2024:03:15 17:14:28
huellas,DSC01548.JPG,../imagenes/huellas/DSC01548.JPG,2024:03:15 17:14:36
huellas,DSC01549.JPG,../imagenes/huellas/DSC01549.JPG,2024:03:15 17:14:43
huellas,DSC01550.JPG,../imagenes/huellas/DSC01550.JPG,2024:03:15 17:15:33
huellas,DSC01551.JPG,../imagenes/huellas/DSC01551.JPG,2024:03:15 17:15:37
huellas,DSC01552.JPG,../imagenes/huellas/DSC01552.JPG,2024:03:15 17:15:40
huellas,DSC01553.JPG,../imagenes/huellas/DSC01553.JPG,2024:03:15 17:22:57
huellas,DSC01554.JPG,../imagenes/huellas/DSC01554.JPG,2024:03:15 17:23:00
huellas,DSC01555.JPG,../imagenes/huellas/DSC01555.JPG,2024:03:15 17:23:02
huellas,DSC01556.JPG,../imagenes/huellas/DSC01556.JPG,2024:03:15 17:25:18
huellas,DSC01557.JPG,../imagenes/huellas/DSC01557.JPG,2024:03:15 17:25:20
huellas,DSC01558.JPG,../imagenes/huellas/DSC01558.JPG,2024:03:15 17:27:21
huellas,DSC01559.JPG,../imagenes/huellas/DSC01559.JPG,2024:03:15 17:27:23
huellas,DSC01560.JPG,../imagenes/huellas/DSC01560.JPG,2024:03:15 17:29:14
huellas,DSC01561.JPG,../imagenes/huellas/DSC01561.JPG,2024:03:15 17:29:16
huellas,DSC01562.JPG,../imagenes/huellas/DSC01562.JPG,2024:03:15 17:31:18
huellas,DSC01563.JPG,../imagenes/huellas/DSC01563.JPG,2024:03:15 17:31:20
huellas,DSC01564.JPG,../imagenes/huellas/DSC01564.JPG,2024:03:15 17:31:22
huellas,DSC01565.JPG,../imagenes/huellas/DSC01565.JPG,2024:03:15 17:32:26
huellas,DSC01566.JPG,../imagenes/huellas/DSC01566.JPG,2024:03:15 17:32:28
huellas,DSC01567.JPG,../imagenes/huellas/DSC01567.JPG,2024:03:15 17:32:38
huellas,DSC01568.JPG,../imagenes/huellas/DSC01568.JPG,2024:03:15 17:32:40
huellas,DSC01569.JPG,../imagenes/huellas/DSC01569.JPG,2024:03:15 17:44:40
huellas,DSC01570.JPG,../imagenes/huellas/DSC01570.JPG,2024:03:15 17:44:41
huellas,DSC01571.JPG,../imagenes/huellas/DSC01571.JPG,2024:03:15 17:44:51
huellas,DSC01572.JPG,../imagenes/huellas/DSC01572.JPG,2024:03:15 17:44:53
huellas,DSC01575.JPG,../imagenes/huellas/DSC01575.JPG,2024:03:15 17:50:23
huellas,DSC01576.JPG,../imagenes/huellas/DSC01576.JPG,2024:03:15 17:50:40
huellas,DSC01577.JPG,../imagenes/huellas/DSC01577.JPG,2024:03:15 17:50:50
huellas,DSC01578.JPG,../imagenes/huellas/DSC01578.JPG,2024:03:15 17:51:00
huellas,DSC01579.JPG,../imagenes/huellas/DSC01579.JPG,2024:03:15 17:51:28
huellas,DSC01580.JPG,../imagenes/huellas/DSC01580.JPG,2024:03:15 17:51:34
huellas,DSC01581.JPG,../imagenes/huellas/DSC01581.JPG,2024:03:15 17:51:48
huellas,DSC01582.JPG,../imagenes/huellas/DSC01582.JPG,2024:03:15 17:51:50
huellas,DSC01583.JPG,../imagenes/huellas/DSC01583.JPG,2024:03:15 17:52:01
huellas,DSC01584.JPG,../imagenes/huellas/DSC01584.JPG,2024:03:15 17:52:07
huellas,DSC01585.JPG,../imagenes/huellas/DSC01585.JPG,2024:03:15 17:52:17
huellas,DSC01586.JPG,../imagenes/huellas/DSC01586.JPG,2024:03:15 17:52:46
huellas,DSC01587.JPG,../imagenes/huellas/DSC01587.JPG,2024:03:15 17:52:52
huellas,DSC01588.JPG,../imagenes/huellas/DSC01588.JPG,2024:03:15 17:52:58
huellas,DSC_0002.JPG,../imagenes/huellas/DSC_0002.JPG,2024:04:27 15:42:56
huellas,DSC_0003.JPG,../imagenes/huellas/DSC_0003.JPG,2024:04:27 15:43:43
huellas,DSC_0004.JPG,../imagenes/huellas/DSC_0004.JPG,2024:04:27 15:43:52
huellas,DSC_0005.JPG,../imagenes/huellas/DSC_0005.JPG,2024:04:27 15:44:32
huellas,DSC_0007.JPG,../imagenes/huellas/DSC_0007.JPG,2024:04:27 15:51:06
huellas,DSC_0012.JPG,../imagenes/huellas/DSC_0012.JPG,2024:04:27 16:07:16
huellas,DSC_0013.JPG,../imagenes/huellas/DSC_0013.JPG,2024:04:27 16:07:22
huellas,DSC_0021.JPG,../imagenes/huellas/DSC_0021.JPG,2025:08:08 15:51:24
huellas,DSC_0071.JPG,../imagenes/huellas/DSC_0071.JPG,2024:08:10 18:27:50
huellas,DSC_0075.JPG,../imagenes/huellas/DSC_0075.JPG,2024:08:10 18:33:39
huellas,DSC_0076.JPG,../imagenes/huellas/DSC_0076.JPG,2024:08:10 18:33:46
huellas,DSC_0077.JPG,../imagenes/huellas/DSC_0077.JPG,2024:08:10 18:33:50
huellas,DSC_0083.JPG,../imagenes/huellas/DSC_0083.JPG,2024:08:10 19:00:03
huellas,DSC_0084.JPG,../imagenes/huellas/DSC_0084.JPG,2024:08:10 19:09:25
huellas,DSC_0085.JPG,../imagenes/huellas/DSC_0085.JPG,2024:08:10 19:14:20
huellas,DSC_0086.JPG,../imagenes/huellas/DSC_0086.JPG,2024:08:10 19:14:28
huellas,DSC_0087.JPG,../imagenes/huellas/DSC_0087.JPG,2024:08:10 19:14:34
huellas,DSC_0088.JPG,../imagenes/huellas/DSC_0088.JPG,2024:08:10 19:14:42
huellas,DSC_0089.JPG,../imagenes/huellas/DSC_0089.JPG,2024:08:10 19:14:51
huellas,DSC_0116.JPG,../imagenes/huellas/DSC_0116.JPG,2024:08:11 13:17:56
huellas,DSC_0117.JPG,../imagenes/huellas/DSC_0117.JPG,2024:08:11 13:18:02
huellas,DSC_0118.JPG,../imagenes/huellas/DSC_0118.JPG,2024:08:11 13:18:07
huellas,DSC_0119.JPG,../imagenes/huellas/DSC_0119.JPG,2024:08:11 13:19:29
huellas,DSC_0120.JPG,../imagenes/huellas/DSC_0120.JPG,2024:08:11 13:19:33
huellas,DSC_0121.JPG,../imagenes/huellas/DSC_0121.JPG,2024:08:11 13:20:52
huellas,DSC_0122.JPG,../imagenes/huellas/DSC_0122.JPG,2024:08:11 13:20:58
huellas,DSC_0123.JPG,../imagenes/huellas/DSC_0123.JPG,2024:08:11 13:22:29
huellas,DSC_0124.JPG,../imagenes/huellas/DSC_0124.JPG,2024:08:11 13:22:33
huellas,DSC_0125.JPG,../imagenes/huellas/DSC_0125.JPG,2024:08:11 13:29:11
huellas,DSC_0126.JPG,../imagenes/huellas/DSC_0126.JPG,2024:08:11 13:29:20
huellas,DSC_0127.JPG,../imagenes/huellas/DSC_0127.JPG,2024:08:11 13:29:25
huellas,DSC_0129.JPG,../imagenes/huellas/DSC_0129.JPG,2024:08:11 13:35:04
huellas,DSC_0130.JPG,../imagenes/huellas/DSC_0130.JPG,2024:08:11 13:35:09
huellas,DSC_0225.JPG,../imagenes/huellas/DSC_0225.JPG,2024:03:15 14:14:19
huellas,DSC_0226.JPG,../imagenes/huellas/DSC_0226.JPG,2024:03:15 14:14:29
huellas,DSC_0231.JPG,../imagenes/huellas/DSC_0231.JPG,2024:03:15 14:18:57
huellas,DSC_0232.JPG,../imagenes/huellas/DSC_0232.JPG,2024:03:15 14:20:04
huellas,DSC_0235.JPG,../imagenes/huellas/DSC_0235.JPG,2024:03:15 14:36:40
huellas,DSC_0239.JPG,../imagenes/huellas/DSC_0239.JPG,2024:03:15 15:07:00
huellas,DSC_0240.JPG,../imagenes/huellas/DSC_0240.JPG,2024:03:15 15:09:26
huellas,DSC_0242.JPG,../imagenes/huellas/DSC_0242.JPG,2024:03:15 17:36:46
huellas,DSC_0243.JPG,../imagenes/huellas/DSC_0243.JPG,2024:03:15 17:36:52
huellas,DSC_0244.JPG,../imagenes/huellas/DSC_0244.JPG,2024:03:15 17:37:04
huellas,DSC_0245.JPG,../imagenes/huellas/DSC_0245.JPG,2024:03:15 17:37:10
huellas,DSC_0246.JPG,../imagenes/huellas/DSC_0246.JPG,2024:03:15 17:38:51
huellas,DSC_0247.JPG,../imagenes/huellas/DSC_0247.JPG,2024:03:15 17:38:57
huellas,DSC_0248.JPG,../imagenes/huellas/DSC_0248.JPG,2024:03:15 18:04:36
huellas,DSC_0251.JPG,../imagenes/huellas/DSC_0251.JPG,2024:03:15 18:13:21
huellas,DSC_0252.JPG,../imagenes/huellas/DSC_0252.JPG,2024:03:15 18:15:08
huellas,DSC_0254.JPG,../imagenes/huellas/DSC_0254.JPG,2024:03:15 18:18:05
huellas,DSC_0255.JPG,../imagenes/huellas/DSC_0255.JPG,2024:03:15 18:18:52
huellas,DSC_0256.JPG,../imagenes/huellas/DSC_0256.JPG,2024:03:15 18:20:33
huellas,DSC_0257.JPG,../imagenes/huellas/DSC_0257.JPG,2024:03:15 18:20:52
huellas,DSC_0258.JPG,../imagenes/huellas/DSC_0258.JPG,2024:03:15 18:25:45
huellas,DSC_0261.JPG,../imagenes/huellas/DSC_0261.JPG,2024:03:15 18:27:14
huellas,DSC_0264.JPG,../imagenes/huellas/DSC_0264.JPG,2024:03:16 13:16:44
huellas,DSC_0265.JPG,../imagenes/huellas/DSC_0265.JPG,2024:03:16 13:16:56
huellas,DSC_0266.JPG,../imagenes/huellas/DSC_0266.JPG,2024:03:16 13:17:55
huellas,DSC_0267.JPG,../imagenes/huellas/DSC_0267.JPG,2024:03:16 13:19:34
huellas,DSC_0268.JPG,../imagenes/huellas/DSC_0268.JPG,2024:03:16 13:20:48
huellas,DSC_0269.JPG,../imagenes/huellas/DSC_0269.JPG,2024:03:16 13:58:15
huellas,DSC_0271.JPG,../imagenes/huellas/DSC_0271.JPG,2024:03:16 14:20:48
huellas,DSC_0272.JPG,../imagenes/huellas/DSC_0272.JPG,2024:03:16 14:22:15
huellas,DSC_0273.JPG,../imagenes/huellas/DSC_0273.JPG,2024:03:16 14:23:09
huellas,DSC_0274.JPG,../imagenes/huellas/DSC_0274.JPG,2024:03:16 14:23:24
huellas,DSC_0275.JPG,../imagenes/huellas/DSC_0275.JPG,2024:03:16 14:25:49
huellas,DSC_0276.JPG,../imagenes/huellas/DSC_0276.JPG,2024:03:16 14:26:22
huellas,DSC_0279.JPG,../imagenes/huellas/DSC_0279.JPG,2024:03:16 14:35:12
huellas,DSC_0280.JPG,../imagenes/huellas/DSC_0280.JPG,2024:03:16 14:35:36
huellas,DSC_0281.JPG,../imagenes/huellas/DSC_0281.JPG,2024:03:16 14:36:16
huellas,DSC_0282.JPG,../imagenes/huellas/DSC_0282.JPG,2024:03:16 14:36:25
huellas,DSC_0283.JPG,../imagenes/huellas/DSC_0283.JPG,2024:03:16 14:51:07
huellas,DSC_0284.JPG,../imagenes/huellas/DSC_0284.JPG,2024:03:16 14:51:48
huellas,DSC_0032.JPG,../imagenes/huellas/DSC_0032.JPG,2025:08:08 16:27:08
huellas,DSC_0068.JPG,../imagenes/huellas/DSC_0068.JPG,2024:08:10 18:25:26
huellas,DSC_0069.JPG,../imagenes/huellas/DSC_0069.JPG,2024:08:10 18:27:04
huellas,DSC_0070.JPG,../imagenes/huellas/DSC_0070.JPG,2024:08:10 18:27:09
huellas,DSC_0078.JPG,../imagenes/huellas/DSC_0078.JPG,2024:08:10 18:41:50
huellas,DSC_0098.JPG,../imagenes/huellas/DSC_0098.JPG,2024:08:10 19:56:12
huellas,DSC_0099.JPG,../imagenes/huellas/DSC_0099.JPG,2024:08:10 19:56:19
huellas,DSC_0100.JPG,../imagenes/huellas/DSC_0100.JPG,2024:08:11 10:25:03
huellas,DSC_0107.JPG,../imagenes/huellas/DSC_0107.JPG,2024:08:11 12:43:36
huellas,DSC_0108.JPG,../imagenes/huellas/DSC_0108.JPG,2024:08:11 13:10:43
huellas,DSC_0109.JPG,../imagenes/huellas/DSC_0109.JPG,2024:08:11 13:11:30
huellas,DSC_0110.JPG,../imagenes/huellas/DSC_0110.JPG,2024:08:11 13:11:57
huellas,DSC_0111.JPG,../imagenes/huellas/DSC_0111.JPG,2024:08:11 13:12:45
huellas,DSC_0112.JPG,../imagenes/huellas/DSC_0112.JPG,2024:08:11 13:14:11
huellas,DSC_0128.JPG,../imagenes/huellas/DSC_0128.JPG,2024:08:11 13:29:34
huellas,DSC_0131.JPG,../imagenes/huellas/DSC_0131.JPG,2024:08:11 13:35:14
huellas,DSC_0213.JPG,../imagenes/huellas/DSC_0213.JPG,2024:03:15 11:45:21
huellas,DSC_0289.JPG,../imagenes/huellas/DSC_0289.JPG,2024:03:16 15:06:37
huellas,DSC_0293.JPG,../imagenes/huellas/DSC_0293.JPG,2024:03:16 15:13:06
huellas,DSC_0294.JPG,../imagenes/huellas/DSC_0294.JPG,2024:03:16 15:13:24
huellas,DSC_0262.JPG,../imagenes/huellas/DSC_0262.JPG,2024:03:15 18:30:16
huellas,DSC_0222.JPG,../imagenes/huellas/DSC_0222.JPG,2024:03:15 12:30:11
huellas,DSC_0223.JPG,../imagenes/huellas/DSC_0223.JPG,2024:03:15 12:30:29
huellas,DSC_0092.JPG,../imagenes/huellas/DSC_0092.JPG,2024:08:10 19:33:39
huellas,DSC_0097.JPG,../imagenes/huellas/DSC_0097.JPG,2024:08:10 19:56:06
huellas,DSC_0113.JPG,../imagenes/huellas/DSC_0113.JPG,2024:08:11 13:14:15
huellas,DSC_0114.JPG,../imagenes/huellas/DSC_0114.JPG,2024:08:11 13:15:48
huellas,DSC_0115.JPG,../imagenes/huellas/DSC_0115.JPG,2024:08:11 13:15:53
huellas,DSC01573.JPG,../imagenes/huellas/DSC01573.JPG,2024:03:15 17:47:51
huellas,DSC01574.JPG,../imagenes/huellas/DSC01574.JPG,2024:03:15 17:47:54
huellas,DSC_0046.JPG,../imagenes/huellas/DSC_0046.JPG,2025:08:14 14:28:05
huellas,DSC_0047.JPG,../imagenes/huellas/DSC_0047.JPG,2025:08:14 14:28:09
huellas,DSC_0106.JPG,../imagenes/huellas/DSC_0106.JPG,2024:08:11 12:32:26
huellas,DSC_0216.JPG,../imagenes/huellas/DSC_0216.JPG,2024:03:15 12:09:48
huellas,DSC_0042.JPG,../imagenes/huellas/DSC_0042.JPG,2025:08:14 14:18:21
huellas,DSC_0043.JPG,../imagenes/huellas/DSC_0043.JPG,2025:08:14 14:18:27
paisajes,DSC01487.JPG,../imagenes/paisajes/DSC01487.JPG,2024:03:15 12:37:10
paisajes,DSC01488.JPG,../imagenes/paisajes/DSC01488.JPG,2024:03:15 12:37:35
paisajes,DSC01489.JPG,../imagenes/paisajes/DSC01489.JPG,2024:03:15 12:37:47
paisajes,DSC01490.JPG,../imagenes/paisajes/DSC01490.JPG,2024:03:15 12:37:51
paisajes,DSC01491.JPG,../imagenes/paisajes/DSC01491.JPG,2024:03:15 12:38:29
paisajes,DSC01492.JPG,../imagenes/paisajes/DSC01492.JPG,2024:03:15 12:38:56
paisajes,DSC01494.JPG,../imagenes/paisajes/DSC01494.JPG,2024:03:15 12:39:53
paisajes,DSC01514.JPG,../imagenes/paisajes/DSC01514.JPG,2024:03:15 14:42:58
paisajes,DSC01515.JPG,../imagenes/paisajes/DSC01515.JPG,2024:03:15 14:43:02
paisajes,DSC_0006.JPG,../imagenes/paisajes/DSC_0006.JPG,2024:04:27 15:44:47
paisajes,DSC_0008.JPG,../imagenes/paisajes/DSC_0008.JPG,2024:04:27 15:52:12
paisajes,DSC_0009.JPG,../imagenes/paisajes/DSC_0009.JPG,2024:04:27 15:52:18
paisajes,DSC_0014.JPG,../imagenes/paisajes/DSC_0014.JPG,2024:04:27 16:22:31
paisajes,DSC_0015.JPG,../imagenes/paisajes/DSC_0015.JPG,2024:04:27 16:22:43
paisajes,DSC_0016.JPG,../imagenes/paisajes/DSC_0016.JPG,2024:04:27 16:27:28
paisajes,DSC_0017.JPG,../imagenes/paisajes/DSC_0017.JPG,2024:04:27 16:27:50
paisajes,DSC_0018.JPG,../imagenes/paisajes/DSC_0018.JPG,2025:08:08 15:37:10
paisajes,DSC_0019.JPG,../imagenes/paisajes/DSC_0019.JPG,2025:08:08 15:37:16
paisajes,DSC_0020.JPG,../imagenes/paisajes/DSC_0020.JPG,2025:08:08 15:37:26
paisajes,DSC_0022.JPG,../imagenes/paisajes/DSC_0022.JPG,2025:08:08 16:05:49
paisajes,DSC_0023.JPG,../imagenes/paisajes/DSC_0023.JPG,2025:08:08 16:06:22
paisajes,DSC_0024.JPG,../imagenes/paisajes/DSC_0024.JPG,2025:08:08 16:07:51
paisajes,DSC_0025.JPG,../imagenes/paisajes/DSC_0025.JPG,2025:08:08 16:08:05
paisajes,DSC_0026.JPG,../imagenes/paisajes/DSC_0026.JPG,2025:08:08 16:08:18
paisajes,DSC_0027.JPG,../imagenes/paisajes/DSC_0027.JPG,2025:08:08 16:09:32
paisajes,DSC_0028.JPG,../imagenes/paisajes/DSC_0028.JPG,2025:08:08 16:20:51
paisajes,DSC_0030.JPG,../imagenes/paisajes/DSC_0030.JPG,2025:08:08 16:25:39
paisajes,DSC_0031.JPG,../imagenes/paisajes/DSC_0031.JPG,2025:08:08 16:26:17
paisajes,DSC_0033.JPG,../imagenes/paisajes/DSC_0033.JPG,2025:08:08 16:27:19
paisajes,DSC_0044.JPG,../imagenes/paisajes/DSC_0044.JPG,2025:08:14 14:24:50
paisajes,DSC_0045.JPG,../imagenes/paisajes/DSC_0045.JPG,2025:08:14 14:24:55
paisajes,DSC_0051.JPG,../imagenes/paisajes/DSC_0051.JPG,2025:08:14 14:34:21
paisajes,DSC_0052.JPG,../imagenes/paisajes/DSC_0052.JPG,2025:08:14 14:43:23
paisajes,DSC_0053.JPG,../imagenes/paisajes/DSC_0053.JPG,2025:08:14 14:43:58
paisajes,DSC_0055.JPG,../imagenes/paisajes/DSC_0055.JPG,2025:08:14 14:44:29
paisajes,DSC_0074.JPG,../imagenes/paisajes/DSC_0074.JPG,2024:08:10 18:30:54
paisajes,DSC_0079.JPG,../imagenes/paisajes/DSC_0079.JPG,2024:08:10 18:47:13
paisajes,DSC_0104.JPG,../imagenes/paisajes/DSC_0104.JPG,2024:08:11 10:48:59
paisajes,DSC_0105.JPG,../imagenes/paisajes/DSC_0105.JPG,2024:08:11 10:49:24
paisajes,DSC_0208.JPG,../imagenes/paisajes/DSC_0208.JPG,2024:03:15 11:40:21
paisajes,DSC_0209.JPG,../imagenes/paisajes/DSC_0209.JPG,2024:03:15 11:40:27
paisajes,DSC_0210.JPG,../imagenes/paisajes/DSC_0210.JPG,2024:03:15 11:40:31
paisajes,DSC_0211.JPG,../imagenes/paisajes/DSC_0211.JPG,2024:03:15 11:43:10
paisajes,DSC_0212.JPG,../imagenes/paisajes/DSC_0212.JPG,2024:03:15 11:43:16
paisajes,DSC_0215.JPG,../imagenes/paisajes/DSC_0215.JPG,2024:03:15 12:09:41
paisajes,DSC_0217.JPG,../imagenes/paisajes/DSC_0217.JPG,2024:03:15 12:13:04
paisajes,DSC_0218.JPG,../imagenes/paisajes/DSC_0218.JPG,2024:03:15 12:13:14
paisajes,DSC_0219.JPG,../imagenes/paisajes/DSC_0219.JPG,2024:03:15 12:13:20
paisajes,DSC_0220.JPG,../imagenes/paisajes/DSC_0220.JPG,2024:03:15 12:13:29
paisajes,DSC_0236.JPG,../imagenes/paisajes/DSC_0236.JPG,2024:03:15 14:58:58
paisajes,DSC_0237.JPG,../imagenes/paisajes/DSC_0237.JPG,2024:03:15 14:59:05
paisajes,DSC_0238.JPG,../imagenes/paisajes/DSC_0238.JPG,2024:03:15 14:59:09
paisajes,DSC_0250.JPG,../imagenes/paisajes/DSC_0250.JPG,2024:03:15 18:05:25
paisajes,DSC_0301.JPG,../imagenes/paisajes/DSC_0301.JPG,2024:03:16 15:36:31
personas,DSC_0234.JPG,../imagenes/personas/DSC_0234.JPG,2024:03:15 14:23:04
personas,DSC_0259.JPG,../imagenes/personas/DSC_0259.JPG,2024:03:15 18:26:47
personas,DSC_0263.JPG,../imagenes/personas/DSC_0263.JPG,2024:03:16 12:24:57
personas,DSC_0287.JPG,../imagenes/personas/DSC_0287.JPG,2024:03:16 15:06:16
personas y huellas,DSC_0072.JPG,../imagenes/personas y huellas/DSC_0072.JPG,2024:08:10 18:30:29
personas y huellas,DSC_0073.JPG,../imagenes/personas y huellas/DSC_0073.JPG,2024:08:10 18:30:44
personas y huellas,DSC_0101.JPG,../imagenes/personas y huellas/DSC_0101.JPG,2024:08:11 10:38:48
personas y huellas,DSC_0102.JPG,../imagenes/personas y huellas/DSC_0102.JPG,2024:08:11 10:39:01
personas y huellas,DSC_0103.JPG,../imagenes/personas y huellas/DSC_0103.JPG,2024:08:11 10:39:14
personas y huellas,DSC_0228.JPG,../imagenes/personas y huellas/DSC_0228.JPG,2024:03:15 14:15:24
personas y huellas,DSC_0229.JPG,../imagenes/personas y huellas/DSC_0229.JPG,2024:03:15 14:15:58
personas y huellas,DSC_0230.JPG,../imagenes/personas y huellas/DSC_0230.JPG,2024:03:15 14:16:13
personas y huellas,DSC_0233.JPG,../imagenes/personas y huellas/DSC_0233.JPG,2024:03:15 14:22:38
personas y huellas,DSC_0241.JPG,../imagenes/personas y huellas/DSC_0241.JPG,2024:03:15 15:10:45
personas y huellas,DSC_0249.JPG,../imagenes/personas y huellas/DSC_0249.JPG,2024:03:15 18:04:51
personas y huellas,DSC_0253.JPG,../imagenes/personas y huellas/DSC_0253.JPG,2024:03:15 18:15:43
personas y huellas,DSC_0260.JPG,../imagenes/personas y huellas/DSC_0260.JPG,2024:03:15 18:26:52
personas y huellas,DSC_0270.JPG,../imagenes/personas y huellas/DSC_0270.JPG,2024:03:16 14:14:49
personas y huellas,DSC_0277.JPG,../imagenes/personas y huellas/DSC_0277.JPG,2024:03:16 14:26:59
personas y huellas,DSC_0278.JPG,../imagenes/personas y huellas/DSC_0278.JPG,2024:03:16 14:27:10
personas y huellas,DSC_0288.JPG,../imagenes/personas y huellas/DSC_0288.JPG,2024:03:16 15:06:25
personas y huellas,DSC_0290.JPG,../imagenes/personas y huellas/DSC_0290.JPG,2024:03:16 15:09:37
personas y huellas,DSC_0291.JPG,../imagenes/personas y huellas/DSC_0291.JPG,2024:03:16 15:10:05
personas y huellas,DSC_0292.JPG,../imagenes/personas y huellas/DSC_0292.JPG,2024:03:16 15:12:57
personas y huellas,DSC_0295.JPG,../imagenes/personas y huellas/DSC_0295.JPG,2024:03:16 15:31:59
personas y huellas,DSC_0296.JPG,../imagenes/personas y huellas/DSC_0296.JPG,2024:03:16 15:32:04
personas y huellas,DSC_0297.JPG,../imagenes/personas y huellas/DSC_0297.JPG,2024:03:16 15:32:29
personas y huellas,DSC_0298.JPG,../imagenes/personas y huellas/DSC_0298.JPG,2024:03:16 15:32:38
personas y huellas,DSC_0299.JPG,../imagenes/personas y huellas/DSC_0299.JPG,2024:03:16 15:32:49
personas y huellas,DSC_0300.JPG,../imagenes/personas y huellas/DSC_0300.JPG,2024:03:16 15:34:27
personas y huellas,DSC01486.JPG,../imagenes/personas y huellas/DSC01486.JPG,2024:03:15 11:30:57
personas y huellas,DSC01523.JPG,../imagenes/personas y huellas/DSC01523.JPG,2024:03:15 15:05:49
personas y huellas,DSC01524.JPG,../imagenes/personas y huellas/DSC01524.JPG,2024:03:15 15:05:54
personas y paisajes,DSC01502.JPG,../imagenes/personas y paisajes/DSC01502.JPG,2024:03:15 14:38:49
personas y paisajes,DSC_0041.JPG,../imagenes/personas y paisajes/DSC_0041.JPG,2025:08:14 14:18:10
personas y paisajes,DSC_0221.JPG,../imagenes/personas y paisajes/DSC_0221.JPG,2024:03:15 12:29:58
personas y paisajes,DSC_0285.JPG,../imagenes/personas y paisajes/DSC_0285.JPG,2024:03:16 15:02:46
personas y paisajes,DSC_0286.JPG,../imagenes/personas y paisajes/DSC_0286.JPG,2024:03:16 15:02:52
